ID,병원/약국명,병원/약국구분,전화번호,우편번호,소재지주소
1,세종충남대학교병원,종합병원,1800-3114,30099,"세종특별자치시 보듬7로 20, 세종충남대학교병원 (도담동)"
2,의료법인 영제 의료재단 엔케이세종병원,종합병원,044-850-7700,30130,"세종특별자치시 한누리대로 161, 세종시 NK리움힐 상가 1~8층 (나성동)"
3,한마음효요양병원,요양병원,044-863-7200,30016,"세종특별자치시 조치원읍 금이로 53-11, (조치원읍)"
4,운주산성요양병원,요양병원,044-1544-0240,30009,"세종특별자치시 전동면 모산고개길 96-25, (전동면)"
5,의료법인 선은의료재단 중앙요양병원,요양병원,044-865-0066,30016,"세종특별자치시 조치원읍 섭골길 37, ()"
6,조치원노인전문병원,요양병원,044-862-7607,30042,"세종특별자치시  연서면 도신고복로 789-17, 789"
7,의료법인은혜의료재단 은혜기독병원,정신병원,044-868-5004,30045,"세종특별자치시 연서면 효교로 135-30, ()"
8,트리니움여성병원,병원,044-270-0114,30147,"세종특별자치시 한누리대로 1934, 메인타워 (반곡동)"
9,아름드리나무어린이병원,병원,044-715-7200,30100,"세종특별자치시 보듬3로 101, 5층 일부, 6-7층 (아름동)"
10,서울현병원,병원,1600-5626,30128,"세종특별자치시 나성북로 15, MVG 4-7층 (나성동)"
11,중앙의원,의원,044-862-4408,30004,"세종특별자치시 전의면 읍내길 20, (전의면)"
12,전의의원,의원,044-863-2828,30004,"세종특별자치시 전의면 읍내길 13, 13"
13,누가연합의원,의원,044-863-0494,30004,"세종특별자치시 전의면 읍내길 7, ()"
14,서울연합의원,의원,044-523-3375,30001,"세종특별자치시 소정면 소정구길 164, 103,201호"
15,장현진정형외과의원,의원,044-863-1150,30026,"세종특별자치시 조치원읍 조치원로 62, 62"
16,김형기신경외과의원,의원,044-868-7574,30024,"세종특별자치시  조치원읍 새내로 132, (조치원읍)"
17,유성연합의원,의원,044-868-6617,30024,"세종특별자치시 조치원읍 새내로 132, ()"
18,하나의원,의원,044-864-7612,30026,"세종특별자치시 조치원읍 조치원로 42, 1층"
19,이내과의원,의원,044-865-3571,30024,"세종특별자치시 조치원읍 조치원로 31, 31"
20,장동석내과의원,의원,044-868-8841,30024,"세종특별자치시 조치원읍 새내로 122, 메가박스 3층 306,307,308,309,310,311,312호"
21,한사랑산부인과의원,의원,044-867-8433,30024,"세종특별자치시 조치원읍 새내로 122, (세종시네마 1동 301호, 302호, 303호, 304호,305호)"
22,홍은표외과의원,의원,044-863-7502,30024,"세종특별자치시 조치원읍 새내로 122, 메가박스 210~212호"
23,선비뇨기과의원,의원,044-868-8866,30027,"세종특별자치시 조치원읍 조치원로 26, ()"
24,문내과의원,의원,044-867-6551,30027,"세종특별자치시 조치원읍 조치원로 22, 22"
25,서울연합외과의원,의원,044-865-3838,30027,"세종특별자치시 조치원읍 조치원로 22, 3층"
26,성심외과의원,의원,044-865-3616,30023,"세종특별자치시 조치원읍 새내로 113, ()"
27,성모이비인후과의원,의원,044-863-1803,30023,"세종특별자치시 조치원읍 조치원로 7, 7"
28,하나로내과의원,의원,044-862-5900,30027,"세종특별자치시 조치원읍 새내로 102, 1,2층"
29,신화비뇨기과의원,의원,044-865-9999,30023,"세종특별자치시 조치원읍 조치원1길 6, 6"
30,김내과의원,의원,044-862-3575,30027,"세종특별자치시 조치원읍 새내로 98, 98"
31,이안과의원,의원,044-866-7863,30027,"세종특별자치시 조치원읍 새내로 98, 98"
32,백내과의원,의원,044-862-3838,30028,"세종특별자치시 조치원읍 조치원2길 5, 2~4층"
33,양규준산부인과의원,의원,044-862-8811,30027,"세종특별자치시 조치원읍 새내로 96, 96"
34,서울신통마취통증의학과의원,의원,044-862-7582,30028,"세종특별자치시 조치원읍 새내로 97, 3층"
35,서울아산내과의원,의원,044-862-7559,30028,"세종특별자치시 조치원읍 새내로 97, 2층, 7층"
36,성가정신건강의학과의원,의원,044-867-5357,30028,"세종특별자치시 조치원읍 새내로 97, 5층 1호"
37,성모안과의원,의원,044-868-0021,30028,"세종특별자치시 조치원읍 새내로 97, 601호"
38,정비뇨기과의원,의원,044-867-5350,30028,"세종특별자치시 조치원읍 새내로 97, 4층 402호"
39,정석이비인후과의원,의원,044-715-7579,30028,"세종특별자치시 조치원읍 새내로 97, 조치원메디컬센터 502호"
40,굿모닝가정의학과의원,의원,044-868-7582,30028,"세종특별자치시 조치원읍 으뜸길 208, 208"
41,김승환이비인후과의원,의원,044-862-8575,30027,"세종특별자치시 조치원읍 새내로 88-1, 88"
42,여러분소통내과의원,의원,044-868-7588,30027,"세종특별자치시 조치원읍 새내로 88-1, 3층"
43,제일신경과의원,의원,044-862-8275,30027,"세종특별자치시 조치원읍 새내로 88-1, 2층"
44,오케이마취통증의학과의원,의원,044-867-7575,30027,"세종특별자치시 조치원읍 새내8길 7, 3~4층"
45,고명철정형외과의원,의원,044-865-3414,30028,"세종특별자치시 조치원읍 새내로 77, 77"
46,이은경소아청소년과의원,의원,044-868-3414,30028,"세종특별자치시 조치원읍 새내로 77, ()"
47,연세신경외과의원,의원,044-865-2116,30028,"세종특별자치시 조치원읍 새내로 75, 75"
48,서울외과의원,의원,044-863-4912,30027,"세종특별자치시 조치원읍 새내로 68-1, 68"
49,중앙외과의원,의원,044-867-0001,30027,"세종특별자치시 조치원읍 새내4길 3, 3"
50,현대정형외과의원,의원,044-862-5161,30028,"세종특별자치시 조치원읍 새내로 63, 2층"
51,연세가정의학과의원,의원,044-863-8275,30034,"세종특별자치시 조치원읍 대첩로 17, 17"
52,다솜가정의학과의원,의원,044-865-0075,30032,"세종특별자치시 조치원읍 도원1로 16, (푸르지오 상가 208. 209호)"
53,웰가정의학과의원,의원,044-868-7507,30031,"세종특별자치시 조치원읍 도원2로 39, 3층"
54,유경의원,의원,044-275-2160,30075,"세종특별자치시 부강면 부강2길 14, (부강면)"
55,부강제일의원,의원,044-275-3330,30075,"세종특별자치시 부강면 부강5길 11-1, ()"
56,한마음의원,의원,044-277-6446,30075,"세종특별자치시 부강면 부강4길 10, ()"
57,부영의원,의원,044-275-3782,30076,"세종특별자치시 부강면 부강로 37-1, 1~2층"
58,삼성전기(주) 부속의원,의원,044-861-1348,30067,"세종특별자치시 연동면 삼성길 25, 4동 1층"
59,허브연합내과의원,의원,044-715-7588,30092,"세종특별자치시 해밀3로 51, 스카이허브 303,304호 (해밀동)"
60,세종수이비인후과의원,의원,044-715-7730,30092,"세종특별자치시 해밀3로 43, 스카이드림 501,502호 (해밀동)"
61,세종스카이내과의원,의원,044-715-7320,30092,"세종특별자치시 해밀3로 43, 스카이드림 6층 602,603,604호 (해밀동)"
62,윤빛소아청소년과의원,의원,044-865-8124,30092,"세종특별자치시 해밀3로 43, 스카이드림 303호 (해밀동)"
63,세종바른연합의원,의원,044-867-1110,30146,"세종특별자치시 한누리대로 1820, 3층 305-1~2,306-1~2,307,308호 (반곡동)"
64,클레르피부과의원,의원,044-715-5910,30146,"세종특별자치시 한누리대로 1820, 왕관빌딩 401,402,403-1호 (반곡동)"
65,하늘소아청소년과의원,의원,044-867-5151,30146,"세종특별자치시 한누리대로 1820, 왕관빌딩 314-2,315,404,405-1호 (반곡동)"
66,세미이비인후과의원,의원,044-715-7560,30146,"세종특별자치시 한누리대로 1824, 3층 301~303,308호 (반곡동)"
67,세종예쁨의원,의원,044-868-9921,30146,"세종특별자치시  한누리대로 1824, 305, 306호 (반곡동)"
68,세종조은내과의원,의원,044-715-7570,30146,"세종특별자치시 한누리대로 1828, 시드니블루 401호,402호 (반곡동)"
69,위하는내과의원,의원,044-715-5110,30146,"세종특별자치시 한누리대로 1844, 행복드림타워 301~305호 (반곡동)"
70,김예진내과의원,의원,044-862-8875,30098,"세종특별자치시 한누리대로 589, 해피라움7 404,405,702-1,702-2호 (도담동)"
71,세종 정형외과의원,의원,867-2191,30098,"세종특별자치시 한누리대로 583, 도담센트럴프라자 501,502,506호 (도담동)"
72,세종쉼정신건강의학과의원,의원,044-864-1181,30100,"세종특별자치시 한누리대로 583, 503호 (도담동, 도담센트럴프라자)"
73,수앤미통증의학과의원,의원,044-865-1174,30100,"세종특별자치시 한누리대로 583, 도담센트럴프라자 4층 401,402호 (도담동)"
74,좋은하루이비인후과의원,의원,044-998-7582,30098,"세종특별자치시 보듬4로 9, 3층 6,7호 (도담동, 도램마을11단지)"
75,건강한가족의원,의원,044-858-7555,30100,"세종특별자치시 보듬3로 8-12, 101-2.102호 (도담동, 라온프라이빗시티1상가)"
76,세종365의원,의원,1661-3561,30147,"세종특별자치시 한누리대로 1958, 법조타운A 4층 401~410호 (소담동)"
77,도담도담소아청소년과의원,의원,044-867-3211,30100,"세종특별자치시 보듬3로 6, 212호 (도담동, 라온프라이빗시티2상가)"
78,세종내과의원,의원,044-868-1070,30100,"세종특별자치시 보듬3로 6, 204.205호 (도담동, 라온프라이빗시티2상가)"
79,굿제이산부인과의원,의원,044-715-7677,30103,"세종특별자치시 절재로 194, 중앙타운 303호 (어진동)"
80,동행정신건강의학과의원,의원,044-867-7579,30103,"세종특별자치시 절재로 194, 중앙타운 704호 (어진동)"
81,두리이비인후과의원,의원,044-865-7577,30103,"세종특별자치시 절재로 194, 중앙타운 801,802호 (어진동)"
82,백앤미의원,의원,044-868-9617,30103,"세종특별자치시 절재로 194, 510호 (어진동, 중앙타운)"
83,블랑피부과의원,의원,044-905-1100,30103,"세종특별자치시 절재로 194, 중앙타운 301호,302(일부)호 (어진동)"
84,서울아산재활의학과의원,의원,044-715-7591,30103,"세종특별자치시 절재로 194, 중앙타운 4층 406호 (어진동)"
85,스마트정신건강의학과의원,의원,044-862-7392,30103,"세종특별자치시 절재로 194, 504호 (어진동, 세종드림)"
86,아이닉안과의원,의원,044-868-1288,30103,"세종특별자치시 절재로 194, 403,404호 (어진동, 세종드림)"
87,위대한내과의원,의원,044-865-3375,30103,"세종특별자치시 절재로 194, 505호,506호 (어진동, 중앙타운)"
88,제일마취통증의학과의원,의원,044-862-0008,30103,"세종특별자치시 절재로 194, 604호 (어진동, 세종드림)"
89,연세정담정신건강의학과의원,의원,044-866-3824,30102,"세종특별자치시 한누리대로 499, 세종포스트빌딩 201-3,301호 (어진동)"
90,세종뷰티의원,의원,044-863-0492,30103,"세종특별자치시 한누리대로 492, 청암빌딩 405,406호 (어진동)"
91,세종서울정형외과의원,의원,044-862-8833,30103,"세종특별자치시 한누리대로 492, 청암빌딩 403,404,407호 (어진동)"
92,세종성모내과의원,의원,044-905-0606,30103,"세종특별자치시 한누리대로 492, 청암빌딩 401,402호 (어진동)"
93,킹세종 이비인후과의원,의원,044-868-1443,30103,"세종특별자치시 한누리대로 492, 청암빌딩 303,304호 (어진동)"
94,세종청사 부속의원,의원,044-200-1560,30064,"세종특별자치시 다솜2로 94, 5동 301호 (어진동, 정부세종청사)"
95,코끼리소아청소년과의원,의원,044-867-8867,30151,"세종특별자치시 한누리대로 2012, 코끼리타워 401호,402호 (소담동)"
96,무지개소아청소년과의원,의원,044-862-0507,30150,"세종특별자치시 소담1로 16, 406호 (소담동, 지엘플렉스2)"
97,매일연합의원,의원,044-864-7975,30102,"세종특별자치시 절재로 154, 1층 (어진동, 홈플러스 세종점)"
98,소담내과의원,의원,044-863-4100,30151,"세종특별자치시 한누리대로 2016, 302~309호 (소담동, 타임빌딩)"
99,소담튼튼소아청소년과의원,의원,044-868-8276,30151,"세종특별자치시 한누리대로 2016, 404호,405호 (소담동, 타임빌딩)"
100,정마취통증의학과의원,의원,044-905-3300,30151,"세종특별자치시 한누리대로 2016, 타임빌딩 401호,402호 (소담동)"
101,세종탑재활의학과의원,의원,044-864-1620,30151,"세종특별자치시 한누리대로 2018, 사이언스타운 501호, 506~508호호 (소담동)"
102,소망안과의원,의원,044-868-8224,30151,"세종특별자치시 한누리대로 2018, 사이언스타운 307,308호 (소담동)"
103,코알이비인후과의원,의원,044-865-3650,30151,"세종특별자치시 한누리대로 2018, 사이언스타운 4층 403~406호 (소담동)"
104,세움소아청소년과의원,의원,044-862-6075,30100,"세종특별자치시 보듬3로 92, 310호 (아름동, 해피라움2상가)"
105,세종제이피부과의원,의원,044-865-1675,30100,"세종특별자치시 보듬3로 92, 해피라움2 403,404,405호 (아름동)"
106,우리이비인후과의원,의원,044-865-8575,30100,"세종특별자치시 보듬3로 92, 409호 (아름동, 해피라움2상가)"
107,소담에스정형외과의원,의원,044-867-8400,30151,"세종특별자치시 한누리대로 2022, 아이콤스타타워 301,302,303,308호 (소담동)"
108,아름누리소아청소년과의원,의원,044-865-7522,30151,"세종특별자치시 한누리대로 2022, 아이콤스타타워 402,403호 (소담동)"
109,정부세종청사 중앙동 부속의원,의원,044-200-3871,30112,"세종특별자치시 도움6로 42, 정부세종청사 중앙동 2층 일부호 (어진동)"
110,세종시원마취통증의학과의원,의원,044-867-7585,30100,"세종특별자치시 보듬3로 100, 해피라움1 201~203호 (아름동)"
111,최훈내과의원,의원,044-865-5575,30100,"세종특별자치시 보듬3로 91, 303.304호 (아름동, 해피라움4)"
112,세종코아이비인후과의원,의원,044-868-7585,30062,"세종특별자치시 마음로 272-4, 고운메디프라자 201호 (고운동)"
113,세종속편한내과의원,의원,044-862-1401,30100,"세종특별자치시 보듬3로 95, 해피라움3 3층 301,302,304-2,305호 (아름동)"
114,웰키즈소아청소년과의원,의원,044-868-4880,30100,"세종특별자치시 보듬3로 95, 118,308,310,401~5,410,603~8,705호 (아름동)"
115,연세더아름의원,의원,044-715-7911,30100,"세종특별자치시 보듬3로 101, 2층 203,204,205호 (아름동)"
116,꿈담소아청소년과의원,의원,044-715-7545,30062,"세종특별자치시 마음로 264, 고운프라자 2층 201-1호 (고운동)"
117,메디캐치 정형외과의원,의원,044-417-6273,30062,"세종특별자치시  마음로 272-17, 세종 NS타워 3차 4층 (고운동)"
118,메디캐치의원,의원,044-417-6271,30062,"세종특별자치시  마음로 272-17, 세종NS타워 3차 3층 (고운동)"
119,서산부인과의원,의원,044-905-3575,30100,"세종특별자치시 보듬3로 150, 아름 행복타워 3,4층 (아름동)"
120,세종김안과의원,의원,044-864-2360,30100,"세종특별자치시 보듬3로 150, 아름 행복타워 5층 501,502,503호 (아름동)"
121,코끼리마취통증의학과의원,의원,044-862-7505,30100,"세종특별자치시 보듬3로 150, 아름 행복타워 502호 (아름동)"
122,나은정형외과의원,의원,044-863-7579,30100,"세종특별자치시 보듬3로 143, 502,503호 (아름동, 대영프라자)"
123,세종장사랑내과의원,의원,044-715-7520,30100,"세종특별자치시 보듬3로 158, 아름메디컬센터 4층 401~405호 (아름동)"
124,삼성밸런스이비인후과의원,의원,044-715-7517,30100,"세종특별자치시 아름서1길 13-12, 세종 제이디빌딩 201,202호 (아름동)"
125,핑크유외과의원,의원,044-417-6688,30101,"세종특별자치시 세종로 1229, 스타플레이스 4층 403,404호 (고운동)"
126,세종청사 제2부속의원,의원,044-203-1400,30118,"세종특별자치시 한누리대로 402, 산업통상자원부, 중앙토지수용위원회 13동 434호 (어진동)"
127,세종미즈산부인과의원,의원,044-868-3582,30064,"세종특별자치시 도움3로 105-5, 504호 (종촌동, 종촌중앙프라자)"
128,씨엘비뇨기과의원,의원,044-865-0052,30064,"세종특별자치시 도움3로 105-5, 603.604호 (종촌동, 종촌중앙프라자)"
129,유앤이내과의원,의원,044-862-7511,30064,"세종특별자치시 도움3로 105-5, 501.502.503.507호 (종촌동, 종촌중앙프라자)"
130,세종다사랑가정의학과의원,의원,044-863-7523,30064,"세종특별자치시 도움3로 105-7, 401호 (종촌동, 메디케어)"
131,세종맑은이비인후과의원,의원,044-862-2358,30064,"세종특별자치시 도움3로 105-7, 메디케어빌딩 301호 (종촌동)"
132,올마취통증의학과의원,의원,044-863-0648,30064,"세종특별자치시 도움3로 105-7, 403.404.405호 (종촌동, 메디케어)"
133,세종아이소아청소년과의원,의원,044-864-0800,30064,"세종특별자치시 달빛로 59, 303.304호 (종촌동, 호만빌딩)"
134,세종퍼스트피부과의원,의원,044-864-9969,30064,"세종특별자치시 달빛로 59, 호만빌딩 601~603호 (종촌동)"
135,곰돌이 소아청소년과의원,의원,044-866-0275,30064,"세종특별자치시 달빛로 47, 302호 (종촌동, 종촌파크프라자)"
136,맑은내과외과의원,의원,044-863-6777,30064,"세종특별자치시 달빛로 45, The Riverside 401~404, 503호 (종촌동)"
137,지에프정형외과의원,의원,044-868-7506,30064,"세종특별자치시 달빛로 43, 3층 (종촌동, 금강빌딩)"
138,서울삼성안과의원,의원,044-862-0014,30064,"세종특별자치시 도움1로 106, 메가시티 403,404,414호 (종촌동)"
139,세종가톨릭정형외과의원,의원,044-867-7171,30064,"세종특별자치시 도움1로 106, 401~402호,405~408호,416호 (종촌동, 메가시티)"
140,세종숲정신건강의학과의원,의원,044-865-7560,30064,"세종특별자치시 도움1로 106, 메가시티 3층 301호 (종촌동)"
141,웰에스테의원,의원,044-863-8271,30064,"세종특별자치시 도움1로 106, 메가시티 409호 (종촌동)"
142,종촌제일연합내과의원,의원,044-715-7511,30064,"세종특별자치시 도움1로 106, 메가시티 610,615-1호 (종촌동)"
143,한사랑의원,의원,044-867-3569,30064,"세종특별자치시 도움1로 106, 메가시티 501,505,506,507호 (종촌동)"
144,삼성미의원,의원,044-868-7570,30064,"세종특별자치시 도움1로 108, 몰리브(Mallive) 4층 405~406호 (종촌동)"
145,유소아청소년과의원,의원,044-866-8025,30064,"세종특별자치시 도움1로 108, 408.409호 (종촌동, 몰리브)"
146,세종성모소아청소년과의원,의원,044-865-4003,30150,"세종특별자치시 한누리대로 2129, 스타힐타워Ⅱ 401~405,409,412~415호 (보람동)"
147,더공감정신건강의학과의원,의원,044-715-7678,30150,"세종특별자치시 한누리대로 2135, 스타힐타워1 304호 (보람동)"
148,더블유세종어진건강의원,의원,044-715-5262,30121,"세종특별자치시 한누리대로 350, 뱅크빌딩 4층 401,405호 (어진동)"
149,세종고려정형외과의원,의원,044-865-3888,30150,"세종특별자치시 한누리대로 2143, 금강시티타워 303~306호 (보람동)"
150,세종시청점오라클피부과의원,의원,044-715-7716,30150,"세종특별자치시 한누리대로 2143, 금강시티타워 204~206호 (보람동)"
151,이도내과의원,의원,044-905-2500,30150,"세종특별자치시 한누리대로 2143, 금강시티타워 403~404호 (보람동)"
152,고운소아청소년과의원,의원,044-868-9545,30150,"세종특별자치시 남세종로 454, 405호 (보람동, 강남제일타워)"
153,우리연합의원,의원,044-867-7803,30150,"세종특별자치시 남세종로 454, 404호 (보람동, 강남제일타워)"
154,센텀비뇨기과의원,의원,044-867-6553,30150,"세종특별자치시 한누리대로 2149, 엔젤타워 404호~407호 (보람동)"
155,드림이비인후과의원,의원,044-865-1275,30150,"세종특별자치시 남세종로 458, 아리랑빌딩 201,202호 (보람동)"
156,세종이지항외과의원,의원,044-863-6131,30123,"세종특별자치시 한누리대로 331, 3층 320~323호 (나성동, SR파크센텀)"
157,노블클라쎄산부인과의원,의원,044-866-3575,30150,"세종특별자치시 한누리대로 2165, 호려울마을7단지 근린생활시설 752동 A302~308-1, A315~A320호 (보람동)"
158,우리메디컬의원,의원,044-868-5375,30063,"세종특별자치시 고운서길 19, 세종 스마트큐브Ⅰ 301~303,305~308호 (고운동)"
159,봄봄이비인후과의원,의원,044-715-5915,30063,"세종특별자치시 마음로 78, 세종 스마트큐브Ⅱ 203,204호 (고운동)"
160,365열린연합의원,의원,044-864-7757,30063,"세종특별자치시 마음로 74, 302.303호 (고운동, 그랜드프라자)"
161,고운맘소아청소년과의원,의원,044-862-5252,30063,"세종특별자치시 마음로 70, 304호 (고운동, 에셀프라자)"
162,참좋은서울아산내과의원,의원,044-866-5900,30123,"세종특별자치시 다정중앙로 58, 다정메디프라자 5층 502~505호 (다정동)"
163,브이유의원,의원,044-866-6222,30128,"세종특별자치시  나성북로 21, 센트럴타워 506호 (나성동)"
164,다정내과의원,의원,044-864-1911,30124,"세종특별자치시 다정중앙로 57, 다정센타프라자 306,307호 (다정동)"
165,도란도란소아청소년과의원,의원,044-863-3275,30124,"세종특별자치시 다정중앙로 57, 다정센타프라자 303호 (다정동)"
166,리더본재활의학과의원,의원,044-865-0700,30128,"세종특별자치시 나성북로 30, 퍼스트원 6층 648호~655호 (나성동)"
167,세종스노우의원,의원,044-903-3090,30128,"세종특별자치시 나성북로 30, 퍼스트원 550~562호 (나성동)"
168,손근형소아청소년과의원,의원,044-715-5975,30128,"세종특별자치시 나성북로 30, 퍼스트원 5층 563,564,565호 (나성동)"
169,연세나무 정신건강의학과의원,의원,044-865-5272,30128,"세종특별자치시 나성북로 30, 퍼스트원 5층 547,548,549,533호 (나성동)"
170,다정서문365정형외과의원,의원,044-865-1039,30123,"세종특별자치시 다정중앙로 52, 페스티발2 605~614호 (다정동)"
171,로뎀소아청소년과의원,의원,044-863-0033,30123,"세종특별자치시 다정중앙로 52, 페스티발2 402~404호 (다정동)"
172,세종우리의원,의원,044-867-1170,30123,"세종특별자치시 다정중앙로 52, 페스티발2 510,511,512,513호 (다정동)"
173,시원이비인후과의원,의원,044-865-2340,30123,"세종특별자치시  다정중앙로 52, 페스티발2 507~509호 (다정동)"
174,세종국민건강의원,의원,1522-3466,30123,"세종특별자치시 가온로 8, 혜원빌딩 2~3층 (다정동)"
175,라비에피부과의원,의원,044-864-5005,30124,"세종특별자치시 다정중앙로 51, 더다정빌딩 501,502,503호 (다정동)"
176,크리미의원,의원,044-715-7750,30123,"세종특별자치시 다정중앙로 46, 2층 (다정동)"
177,서울아산신경외과의원,의원,044-868-5288,30128,"세종특별자치시 나성북로 9, 701,702호 (나성동, 메가타워1)"
178,서울뷰의원세종점,의원,044-715-5199,30128,"세종특별자치시 나성로 96, 더센트럴 519호 (나성동)"
179,서울어반내과의원,의원,044-272-3800,30128,"세종특별자치시 나성로 96, 더센트럴 5층 520~526호 (나성동)"
180,소리숨이비인후과의원,의원,044-868-1177,30128,"세종특별자치시 나성로 96, 더센트럴 421호 (나성동)"
181,열린이비인후과의원,의원,044-867-7550,30124,"세종특별자치시 다정중앙로 45, 다정프라자 304호~305호 (다정동)"
182,다정소아청소년과의원,의원,044-998-7711,30124,"세종특별자치시 다정북로 109, 204,205호 (다정동, 가온마을3단지)"
183,마음현정신건강의학과의원,의원,044-862-3217,30127,"세종특별자치시 한누리대로 275, 형성프라자 6층 606,607호 (나성동)"
184,블리비의원,의원,1833-7390,30127,"세종특별자치시 한누리대로 275, 형성프라자 301호~303호 (나성동)"
185,서울삼성이비인후과의원,의원,044-864-1864,30127,"세종특별자치시 한누리대로 275, 형성프라자 401~404호 (나성동)"
186,송창헌내과의원,의원,044-866-0966,30127,"세종특별자치시 한누리대로 275, 형성프라자 405,406,407호 (나성동)"
187,윤정형외과의원,의원,044-862-2827,30063,"세종특별자치시 만남로3길 7, 지하1층 2~3층 (고운동)"
188,비쥬얼피부과의원,의원,044-715-7585,30127,"세종특별자치시 한누리대로 273, 새롬씨티 3층 302,303,304호 (나성동)"
189,세종연합비뇨기과의원,의원,044-867-2800,30127,"세종특별자치시 한누리대로 273, 새롬씨티 403,404,407,408호 (나성동)"
190,세종우리성모안과의원,의원,044-864-3370,30127,"세종특별자치시 한누리대로 273, 601~604호 (나성동)"
191,연세미니성형외과의원,의원,044-867-3655,30127,"세종특별자치시 한누리대로 273, 새롬씨티 502호, 503호 (나성동)"
192,이안정신건강의학과의원,의원,044-999-1102,30127,"세종특별자치시 한누리대로 273, 307호,402호,606~607호,706~707호호 (나성동)"
193,동행의원한의원,의원,044-868-9935,30127,"세종특별자치시 한누리대로 265, 명동프라자 601,602,603일부호 (나성동)"
194,마인드랩공간정신건강의학과의원,의원,044-715-5670,30127,"세종특별자치시 한누리대로 265, 명동프라자 406~407호 (나성동)"
195,삼성필성형외과의원,의원,044-867-1233,30127,"세종특별자치시 한누리대로 265, 명동프라자 3층 (나성동)"
196,서울봄빛안과의원,의원,044-865-1400,30127,"세종특별자치시 한누리대로 265, 명동프라자 603~607호 (나성동)"
197,세종노블에스의원,의원,044-864-8610,30127,"세종특별자치시 한누리대로 265, 명동프라자 403~405호 (나성동)"
198,세종위드정형외과의원,의원,044-715-7574,30127,"세종특별자치시 한누리대로 265, 명동프라자 7층 701,702,703호 (나성동)"
199,유웰비뇨의학과의원,의원,1588-8163,30127,"세종특별자치시 한누리대로 265, 명동프라자 502-504호 (나성동)"
200,미애로여성의원,의원,044-863-7475,30127,"세종특별자치시 한누리대로 253, 에스빌딩 603호,604호 (나성동)"
201,삼성마음그린정신건강의학과의원,의원,044-867-1000,30127,"세종특별자치시 한누리대로 253, 에스빌딩 301호,505호 (나성동)"
202,세종톡스앤필의원,의원,044-414-9200,30127,"세종특별자치시 한누리대로 253, 에스빌딩 501호 (나성동)"
203,세종항도외과의원,의원,044-867-4475,30127,"세종특별자치시 한누리대로 253, 503호 (나성동, 에스빌딩)"
204,잇츠미의원,의원,044-867-1108,30127,"세종특별자치시 한누리대로 253, 에스빌딩 302~304호 (나성동)"
205,크로바내과의원,의원,044-863-7975,30127,"세종특별자치시 한누리대로 253, 606~607호 (나성동, 에스빌딩)"
206,두미소신경과의원,의원,044-867-6119,30127,"세종특별자치시 한누리대로 249, 에스제이타워 408~410,507호 (나성동)"
207,화인마취통증의학과의원,의원,044-715-5875,30127,"세종특별자치시 한누리대로 249, 에스제이타워 508,509호 (나성동)"
208,더블유성형외과의원,의원,044-863-6673,30127,"세종특별자치시 한누리대로 245, 401호 (나성동, 에스알파크원)"
209,오라클피부과의원,의원,044-868-0075,30127,"세종특별자치시 한누리대로 245, 404~405호 (나성동, 에스알파크원)"
210,세종마취통증의학과의원,의원,044-863-7582,30130,"세종특별자치시 한누리대로 193, 402호 (나성동, 참미르빌딩)"
211,따뜻한 정신건강의학과의원,의원,044-715-7507,30153,"세종특별자치시 한누리대로 2257, 판타지타워 304호 (대평동)"
212,중앙연합의원,의원,044-715-7475,30153,"세종특별자치시 한누리대로 2257, 판타지타워 404, 405호 (대평동)"
213,라온소아청소년과의원,의원,044-866-1350,30127,"세종특별자치시 새롬중앙로 62-15, 해피라움W 303,304호 (새롬동)"
214,세종이안과의원,의원,044-868-7228,30127,"세종특별자치시 새롬중앙로 62-15, 해피라움W 403,404호 (새롬동)"
215,제일연합내과의원,의원,044-715-5501,30127,"세종특별자치시 새롬중앙로 62-15, 401호,402(일부)호 (새롬동, 해피라움W)"
216,세종드림연합의원,의원,1577-4713,30152,"세종특별자치시 한누리대로 2264, 3층 (대평동, 씨티오브드림)"
217,세종김연수피부과의원,의원,044-866-7534,30127,"세종특별자치시 새롬중앙로 64, 세종영광프라자 4층 402호 (새롬동)"
218,힘내라신경외과의원,의원,044-417-6881,30126,"세종특별자치시 새롬중앙로 67, 503호,504호,505호,506호 (새롬동, 오렌지빌딩)"
219,세종제일산부인과의원,의원,044-866-3582,30153,"세종특별자치시 한누리대로 2265, 세종메디컬센터 5층, 6층(대평동)"
220,이유경내과의원,의원,044-868-0261,30153,"세종특별자치시 한누리대로 2265, 세종메디컬센터 3층 304~306호 (대평동)"
221,강남 더 뷰티 성형외과의원,의원,044-864-8008,30130,"세종특별자치시 한누리대로 169, 스타벅스 행복타워 303호,305호,308호 (나성동)"
222,세종바른유외과의원,의원,044-998-7575,30130,"세종특별자치시 한누리대로 169, 세종행복타워 503~505호 (나성동)"
223,이삭소아청소년과의원,의원,044-865-8275,30130,"세종특별자치시 한누리대로 169, 세종행복타워 301,307,401호 (나성동)"
224,세종프라우메디산부인과의원,의원,044-716-1000,30130,"세종특별자치시 한누리대로 165, (나성동, 세종메디피아6,7층)"
225,상쾌한이비인후과의원,의원,044-862-7584,30126,"세종특별자치시 새롬중앙로 59, 403호 (새롬동, 새롬빌딩)"
226,연세하트내과의원,의원,044-715-7580,30126,"세종특별자치시 새롬중앙로 59, 새롬빌딩 5층 502,503호 (새롬동)"
227,세종반석정형외과의원,의원,044-863-7551,30130,"세종특별자치시 한누리대로 157, 601-609호 (나성동, 금강프라자)"
228,세종소아청소년과의원,의원,044-866-1275,30130,"세종특별자치시 한누리대로 157, 405호 (나성동, 금강프라자)"
229,새롬정형외과의원,의원,044-998-3369,30127,"세종특별자치시 새롬중앙로 34, 415호,416호,417호 (새롬동, 크리스마스빌딩)"
230,드림내과의원,의원,044-715-7582,30126,"세종특별자치시 새롬중앙로 55, 401호,402호403호 (새롬동, 행운빌딩)"
231,서울굿닥터(새롬)의원,의원,044-867-9933,30126,"세종특별자치시 새롬중앙로 55, 3층 (새롬동, 행운빌딩)"
232,세종영상의학과의원,의원,044-866-0009,30083,"세종특별자치시 금남면 용포로 116, 3층"
233,세종연세소아청소년과의원,의원,044-867-9393,30126,"세종특별자치시 새롬중앙로 47, 402~403호 (새롬동, 세움빌딩)"
234,부부내과의원,의원,044-866-0345,30083,"세종특별자치시 금남면 용포로 113, 113"
235,에스지연합의원,의원,044-864-9991,30153,"세종특별자치시 갈매로 58, 황산프라자 5층 501~511호 (대평동)"
236,한사랑메디칼의원,의원,044-866-7580,30130,"세종특별자치시 누리로 106, 302호 (한솔동, 송원프라자)"
237,서울의원,의원,044-866-7985,30083,"세종특별자치시 금남면 용포로 53, (금남면)"
238,우리들의원,의원,044-857-2345,30053,"세종특별자치시 장군면 장척로 401, (장군면)"
239,서문365정형외과의원,의원,044-868-1039,30153,"세종특별자치시 한누리대로 2281, SM메디컬센터 3층 (대평동)"
240,아름튼튼정형외과의원,의원,044-715-5375,30100,"세종특별자치시 보듬3로 92, 해피라움2 3층 301,302,315호 (아름동)"
241,코난소아청소년과의원,의원,044-715-7551,30141,"세종특별자치시 남세종로 73, 1층 109,110호 (집현동)"
242,전의부부치과의원,치과의원,044-862-2280,30004,"세종특별자치시 전의면 운주산로 1191-5, 2층"
243,세종치과의원,치과의원,044-862-7035,30004,"세종특별자치시 전의면 만세길 5, 2층"
244,박종석치과의원,치과의원,044-862-4500,30026,"세종특별자치시 조치원읍 장안로 1, ()"
245,윤치과의원,치과의원,044-867-4112,30027,"세종특별자치시 조치원읍 조치원로 38, 38"
246,송태영치과의원,치과의원,044-865-2821,30024,"세종특별자치시 조치원읍 조치원로 31-1, ()"
247,이종선치과의원,치과의원,044-865-6352,30024,"세종특별자치시 조치원읍 조치원로 31, 31"
248,최진웅치과의원,치과의원,044-866-2835,0,"세종특별자치시 조치원읍 새내로 122, (외 1필지 세종시네마 1동 204호)"
249,연세탑치과의원,치과의원,044-863-2844,30027,"세종특별자치시 조치원읍 조치원8길 6, 2층"
250,하얀치과의원,치과의원,044-866-6200,30027,"세종특별자치시 조치원읍 조치원로 30, 30"
251,김진용치과의원,치과의원,044-866-9281,30027,"세종특별자치시 조치원읍 조치원로 22, 22"
252,이병진치과의원,치과의원,044-862-2812,30023,"세종특별자치시 조치원읍 조치원로 7, 3층"
253,보성치과의원,치과의원,044-865-8879,30028,"세종특별자치시 조치원읍 조치원2길 5, 5"
254,이편한치과의원,치과의원,044-864-2875,30028,"세종특별자치시 조치원읍 새내로 97, 4층 1호"
255,다인치과의원,치과의원,044-868-7527,30028,"세종특별자치시 조치원읍 새내9길 3, 2,3층"
256,누가치과의원,치과의원,044-862-7597,30027,"세종특별자치시 조치원읍 새내로 88-1, 4층"
257,바른뿌리치과의원,치과의원,044-868-2804,30027,"세종특별자치시 조치원읍 새내8길 7, 2층"
258,서울치과의원,치과의원,044-867-2875,30028,"세종특별자치시 조치원읍 새내로 91, 1.2.3층"
259,문치과의원,치과의원,044-862-2875,30031,"세종특별자치시 조치원읍 대첩로 75, 75"
260,서울이사랑치과의원,치과의원,044-864-2840,30038,"세종특별자치시 조치원읍 세종로 2282, 3층 302,303호"
261,플러스치과의원,치과의원,044-867-2870,30036,"세종특별자치시 조치원읍 허만석로 60-1, (플러스타운 A동 201호)"
262,부부치과의원,치과의원,044-868-2275,30031,"세종특별자치시 조치원읍 도원2로 39, (2층)"
263,부강부부치과의원,치과의원,044-275-2855,30075,"세종특별자치시 부강면 부촌길 39, 1층"
264,부강수플란트치과의원,치과의원,044-275-5585,30075,"세종특별자치시 부강면 부촌길 29, (부강면)"
265,이편한홍치과의원,치과의원,044-862-2811,30047,"세종특별자치시 연서면 봉암길 8, ()"
266,당신의치과의원,치과의원,044-862-0028,30092,"세종특별자치시 해밀3로 51, 스카이허브 404,405호 (해밀동)"
267,연세해밀치과의원,치과의원,044-863-2879,30092,"세종특별자치시 해밀3로 43, 스카이드림 504호 (해밀동)"
268,유앤성부부치과의원,치과의원,044-862-7522,30146,"세종특별자치시 한누리대로 1820, 왕관빌딩 407~408호 (반곡동)"
269,세종튼튼치과의원,치과의원,044-866-2007,30146,"세종특별자치시 한누리대로 1824, 401,402호 (반곡동)"
270,세종하이치과의원,치과의원,044-862-7700,30146,"세종특별자치시 한누리대로 1828, 시드니블루 403호,404호호 (반곡동)"
271,바른명치과의원,치과의원,044-864-2824,30098,"세종특별자치시 한누리대로 583, 도담센트럴프라자 302,303,304,504,505호 (도담동)"
272,좋은하루 치과의원,치과의원,044-998-7599,30098,"세종특별자치시 보듬4로 9, 3층 8,9호 (도담동, 도램마을11단지)"
273,도담민들레치과의원,치과의원,044-865-0102,30100,"세종특별자치시 보듬3로 8-27, 403-1호 (도담동, 새한빌딩)"
274,덴탈365치과의원,치과의원,1661-3275,30147,"세종특별자치시 한누리대로 1958, 법조타운A 3층 301~310호 (소담동)"
275,누리마루치과의원,치과의원,044-865-2275,30107,"세종특별자치시 도움8로 81, A동 301호 (어진동)"
276,단국대학교 치과대학 세종치과병원,치과병원,044-410-5000,30107,"세종특별자치시 도움8로 87, (어진동, 단국빌딩)"
277,서울봄빛치과의원,치과의원,044-867-1575,30103,"세종특별자치시 절재로 194, 중앙타운 401,402,405호 (어진동)"
278,성원치과의원,치과의원,044-868-6091,30103,"세종특별자치시 절재로 194, 408.409호 (어진동, 세종드림)"
279,수치과의원,치과의원,044-864-5369,30103,"세종특별자치시 절재로 194, 508호 (어진동, 중앙타운)"
280,세종프라임치과의원,치과의원,044-868-3522,30103,"세종특별자치시 한누리대로 499, 402호 (어진동, 세종미디어프라자)"
281,세종꾸러기소아치과의원,치과의원,044-417-6991,30151,"세종특별자치시 한누리대로 2012, 코끼리타워 301,302,303호 (소담동)"
282,김만주정성치과의원,치과의원,044-865-2080,30150,"세종특별자치시 소담1로 16, 지엘플렉스2 404호 (소담동)"
283,서울소담치과의원,치과의원,044-865-2811,30151,"세종특별자치시 한누리대로 2018, 304~305호 (소담동, 사이언스타운)"
284,세움치과의원,치과의원,044-862-2755,30100,"세종특별자치시 보듬3로 92, 310호 (아름동, 해피라움2상가)"
285,세종베스트치과의원,치과의원,044-865-7528,30100,"세종특별자치시 보듬3로 92, 407.408호 (아름동, 해피라움2상가)"
286,아름치과의원,치과의원,044-863-2833,30100,"세종특별자치시 보듬3로 92, 206.207호 (아름동, 해피라움2상가)"
287,더브라운치과의원,치과의원,044-865-2929,30062,"세종특별자치시 마음로 272-3, 고운에듀프라자 303,304호 (고운동)"
288,연세감동치과의원,치과의원,044-868-7522,30151,"세종특별자치시 한누리대로 2022, 404호,405호 (소담동, 아크레타 아이콤스타타워)"
289,연세럭스치과의원,치과의원,044-864-2804,30100,"세종특별자치시 보듬3로 100, 해피라움1 204,205호 (아름동)"
290,세종어린이치과의원,치과의원,044-865-7502,30100,"세종특별자치시 보듬3로 91, 305호 (아름동, 해피라움4상가)"
291,강남세종치과의원,치과의원,044-864-8111,30062,"세종특별자치시 마음로 264, 고운프라자 2층 205호 (고운동)"
292,참좋아치과의원,치과의원,044-864-8575,30100,"세종특별자치시 보듬3로 143, 304,305,306호 (아름동, 대영프라자)"
293,더플랜트치과의원,치과의원,044-998-2875,30100,"세종특별자치시 아름서1길 13-12, 403,404호 (아름동, 제이디빌딩)"
294,서울굿모닝치과의원,치과의원,044-865-2833,30064,"세종특별자치시 도움3로 105-5, 505.506호 (종촌동, 종촌중앙프라자)"
295,우리치과의원,치과의원,044-865-0231,30064,"세종특별자치시 도움3로 105-5, 402.403호 (종촌동, 종촌중앙프라자)"
296,세종서울치과의원,치과의원,044-863-7528,30064,"세종특별자치시 도움3로 105-7, 501호 (종촌동, 메디케어빌딩)"
297,두치과의원,치과의원,044-868-2877,30064,"세종특별자치시 달빛로 59, 402.403.404호 (종촌동, 호만빌딩)"
298,맘애든치과의원,치과의원,044-862-2874,30064,"세종특별자치시 도움3로 105-8, 501.502호 (종촌동, 신목빌딩)"
299,패밀리치과의원,치과의원,044-866-2804,30064,"세종특별자치시 달빛로 47, 301호 (종촌동, 종촌파크프라자)"
300,삼성온가족치과의원,치과의원,044-865-2843,30064,"세종특별자치시 도움1로 106, 510호 (종촌동, 메가시티)"
301,화이트부부치과의원,치과의원,044-865-2835,30064,"세종특별자치시 도움1로 108, 410.411호 (종촌동, 몰리브)"
302,세종미소치과의원,치과의원,044-864-4936,30150,"세종특별자치시  한누리대로 2135, 302,303,301호 (보람동, 스타힐타워1) (보람동)"
303,메디컬뱅크치과의원,치과의원,044-862-2873,30121,"세종특별자치시 한누리대로 350, 뱅크빌딩 4층 2호 (어진동)"
304,세종드림치과의원,치과의원,044-868-2815,30150,"세종특별자치시 한누리대로 2143, 금강시티타워 405,406호 (보람동)"
305,마음편한치과의원,치과의원,044-867-2804,30150,"세종특별자치시 남세종로 458, 아리랑빌딩 303호 (보람동)"
306,세종보람치과의원,치과의원,044-863-7522,30150,"세종특별자치시 남세종로 466, 403호 (보람동, 아평빌딩)"
307,스마일치과의원,치과의원,044-863-8575,30063,"세종특별자치시 마음로 74, 그랜드프라자 202,203호 (고운동)"
308,연세크리스마스치과의원,치과의원,044-865-2075,30063,"세종특별자치시 마음로 70, 302.303호 (고운동, 에셀프라자)"
309,연세올바른치과의원,치과의원,044-862-2622,30123,"세종특별자치시 다정중앙로 58, 다정메디프라자 302,303호 (다정동)"
310,연세세브란스치과의원,치과의원,044-715-5000,30124,"세종특별자치시 다정중앙로 57, 다정센타프라자 305호 (다정동)"
311,세종스타치과의원,치과의원,044-905-2222,30128,"세종특별자치시 나성로 125-16, 7~8층 (나성동, 스타타워)"
312,도치소아치과의원,치과의원,044-865-5200,30124,"세종특별자치시 다정중앙로 51, 더다정빌딩 505호 (다정동)"
313,건강한이치과의원,치과의원,044-865-7520,30124,"세종특별자치시 다정중앙로 45, 다정프라자 303호 (다정동)"
314,서울바른이치과의원,치과의원,044-863-2282,30124,"세종특별자치시 다정중앙로 39, 다정센터프라자2 504호 (다정동)"
315,이도치과의원,치과의원,044-867-7525,30127,"세종특별자치시 한누리대로 275, 형성프라자 501,502,503호 (나성동)"
316,앨리스치과의원,치과의원,044-417-1511,30127,"세종특별자치시 한누리대로 265, 명동프라자 5층 (나성동)"
317,유디치과의원,치과의원,044-715-7188,30129,"세종특별자치시 나성로 38, 세종가로수길 38, 세종가로수길 A301,A302a,A302,A303호 (나성동)"
318,바른치과의원,치과의원,044-868-2882,30127,"세종특별자치시 한누리대로 253, 에스빌딩 502호 (나성동)"
319,연세고마운치과의원,치과의원,044-866-2872,30127,"세종특별자치시 한누리대로 249, 406~407호 (나성동, 에스제이타워)"
320,세종365치과의원,치과의원,044-715-5365,30127,"세종특별자치시 한누리대로 245, 에스알파크원 402,403호 (나성동)"
321,서울좋은치과의원,치과의원,044-862-7528,30130,"세종특별자치시 한누리대로 193, 301호 (나성동, 참미르빌딩)"
322,이사랑치과의원,치과의원,044-868-0037,30153,"세종특별자치시 한누리대로 2257, 판타지타워 203호 (대평동)"
323,금동치과의원,치과의원,044-866-9037,30127,"세종특별자치시 새롬중앙로 62-15, 505호 (새롬동, 해피라움W)"
324,한솔퍼스트치과의원,치과의원,044-866-2275,30127,"세종특별자치시 새롬중앙로 62-15, 201호 (새롬동, 해피라움W)"
325,바른우리치과교정과치과의원,치과의원,044-998-2080,30127,"세종특별자치시 새롬중앙로 64, 301~302호 (새롬동, 세종영광프라자)"
326,제이와이치과의원,치과의원,044-867-5600,30127,"세종특별자치시 새롬중앙로 64, 404호 (새롬동, 세종영광프라자)"
327,새온치과의원,치과의원,044-867-2842,30126,"세종특별자치시 새롬중앙로 67, 304호 (새롬동, 오렌지빌딩)"
328,첫마을치과의원,치과의원,044-867-2275,30130,"세종특별자치시 한누리대로 165, 세종메디피아 302,303호 (나성동)"
329,세종탑치과의원,치과의원,044-715-7528,30126,"세종특별자치시 새롬중앙로 59, 303호 (새롬동, 새롬빌딩)"
330,세종플란트치과의원,치과의원,044-868-2875,30130,"세종특별자치시 한누리대로 157, (나성동, 금강프라자,304호)"
331,새롬숲치과의원,치과의원,044-999-2577,30127,"세종특별자치시 새롬중앙로 34, 311호 (새롬동, 크리스마스빌딩)"
332,디어트치과의원,치과의원,1522-1998,30153,"세종특별자치시 한누리대로 2275, 알파메디컬센터 303~306호 (대평동)"
333,심치과의원,치과의원,044-862-2871,30126,"세종특별자치시 새롬중앙로 47, 405호 (새롬동, 세움빌딩)"
334,황실치과의원,치과의원,044-866-2888,30153,"세종특별자치시 한누리대로 2281, SM메디컬센터 410호 (대평동)"
335,새서울치과의원,치과의원,044-866-2875,30083,"세종특별자치시 금남면 용포로 113, 113"
336,엔연세감동치과의원,치과의원,044-868-7523,30126,"세종특별자치시 새롬중앙로 33, 새뜸프라자 303, 304호 (새롬동)"
337,세종금남치과의원,치과의원,044-863-5275,30083,"세종특별자치시 금남면 용포로 80, 2층"
338,강남치과의원,치과의원,044-867-7528,30083,"세종특별자치시  금남면 용포로 63, 2층"
339,원 치과의원,치과의원,044-864-2827,30053,"세종특별자치시 장군면 장척로 407, 2층"
340,모드니치과의원,치과의원,044-864-2876,30065,"세종특별자치시 금송로 687, 3층 (가람동, 이마트세종점)"
341,해들치과의원,치과의원,044-862-2804,30153,"세종특별자치시 한누리대로 2257, 판타지타워 305호 (대평동)"
342,원한의원,한의원,044-866-1122,30004,"세종특별자치시 전의면 장터길 2-1, 2"
343,대중한의원,한의원,044-863-5253,30004,"세종특별자치시 전의면 만세길 22, ()"
344,광제중국한의원,한의원,044-865-8338,30026,"세종특별자치시 조치원읍 조치원로 42, 2층"
345,제중한의원,한의원,044-866-3331,30024,"세종특별자치시 조치원읍 조치원로 31-1, ()"
346,금강한의원,한의원,044-862-5310,30027,"세종특별자치시 조치원읍 조치원로 24, 2,3층"
347,박성섭한의원,한의원,044-865-1985,30027,"세종특별자치시 조치원읍 조치원4길 6, 6"
348,금빛한의원,한의원,044-862-1358,30027,"세종특별자치시 조치원읍 조치원4길 16, 1층"
349,백상한의원,한의원,044-865-0945,30027,"세종특별자치시 조치원읍 새내10길 13, 13"
350,태화당한의원,한의원,044-865-1991,30027,"세종특별자치시 조치원읍 새내로 98, (조치원읍)"
351,현가한의원,한의원,044-865-1075,30027,"세종특별자치시 조치원읍 새내10길 12, 2층"
352,경희일구한의원,한의원,044-863-7719,30027,"세종특별자치시 조치원읍 새내로 88-2, ()"
353,마음그린한의원,한의원,044-866-7510,30027,"세종특별자치시 조치원읍 새내6길 3, 3"
354,임재욱한의원,한의원,044-862-3333,30034,"세종특별자치시 조치원읍 충현로 47, ()"
355,유한의원,한의원,044-868-9677,30034,"세종특별자치시 조치원읍 군청로 88, 1층"
356,대성한의원,한의원,044-862-3375,30031,"세종특별자치시 조치원읍 도원2로 39, ()"
357,부강한의원,한의원,044-275-8155,30075,"세종특별자치시 부강면 부강1길 5, (부강면)"
358,새봄빛한의원,한의원,044-868-1075,30076,"세종특별자치시 부강면 부강로 53, 2층 201호 (세종클리닉)"
359,유심한의원,한의원,044-868-0375,30075,"세종특별자치시 부강면 부강로 42, 105.106.107호"
360,예림한의원,한의원,044-868-8880,30047,"세종특별자치시 연서면 당산로 345, ()"
361,평강한의원,한의원,044-864-8270,30058,"세종특별자치시 연기면 당산로 121, 2층"
362,허브힐한의원,한의원,044-862-7975,30092,"세종특별자치시 해밀3로 51, 스카이허브 3층 301호 (해밀동)"
363,세종센텀한의원,한의원,044-868-6882,30092,"세종특별자치시 해밀3로 43, 스카이드림 3층 301,302호 (해밀동)"
364,아낌없이주는나무한의원,한의원,044-865-0002,30146,"세종특별자치시 한누리대로 1820, 왕관빌딩 503-1,503-2,504호 (반곡동)"
365,반곡한의원,한의원,044-216-6200,30146,"세종특별자치시 한누리대로 1824, 조이프라자 405~406호 (반곡동)"
366,백헌한의원,한의원,044-415-1802,30146,"세종특별자치시 한누리대로 1828, 시드니블루 407,408호 (반곡동)"
367,로안한의원,한의원,044-866-7579,30146,"세종특별자치시 한누리대로 1844, 402,403호 (반곡동)"
368,경희한의원,한의원,044-862-1025,30100,"세종특별자치시 한누리대로 583, 403호 (도담동, 도담센트럴프라자)"
369,이룸한의원,한의원,044-863-4107,30098,"세종특별자치시 보듬4로 9, 4F-6호, 4F-7호호 (도담동, 도램마을11단지)"
370,세종도담한의원,한의원,044-864-5852,30100,"세종특별자치시 보듬3로 8-20, 207호 (도담동, 한신휴시티)"
371,여담한의원,한의원,044-715-5868,30107,"세종특별자치시 도움8로 91, 세종마치 402호 (어진동)"
372,경희부부한의원,한의원,044-905-2200,30103,"세종특별자치시 절재로 194, 중앙타운 302(일부)호 (어진동)"
373,세종시365으랏차한의원,한의원,044-864-5671,30103,"세종특별자치시 절재로 194, 407호 (어진동, 세종드림)"
374,아이맘편작한의원,한의원,044-864-8375,30103,"세종특별자치시 절재로 194, 중앙타운 5층 512호 (어진동)"
375,맑은숲한의원,한의원,044-868-1085,30102,"세종특별자치시 한누리대로 499, 401호 (어진동, 세종포스트빌딩)"
376,동경한의원,한의원,044-865-7573,30151,"세종특별자치시 소담3로 8, 새샘마을7단지 근린생활시설 1층 5호 (소담동)"
377,세종청사 부속한의원,한의원,044-200-1566,30064,"세종특별자치시 다솜2로 94, 5동 301호 (어진동, 정부세종청사)"
378,태이재한의원,한의원,044-415-1919,30150,"세종특별자치시 한누리대로 2009, 펠리체타워2 203호 (소담동)"
379,햇님한의원,한의원,044-866-6777,30150,"세종특별자치시 소담1로 16, 지엘플렉스2 302호 (소담동)"
380,아름한의원,한의원,044-868-9600,30100,"세종특별자치시 보듬3로 104-19, 303호 (아름동, 세석빌딩)"
381,세종소담한의원,한의원,044-862-3500,30151,"세종특별자치시 한누리대로 2018, 407~408호 (소담동, 사이언스타운)"
382,정토한의원,한의원,044-863-7588,30100,"세종특별자치시 보듬3로 92, 303호 (아름동, 해피라움2상가)"
383,경희바른몸한의원,한의원,044-868-1015,30151,"세종특별자치시 한누리대로 2022, 504호,505호 (소담동, 아크레타 아이콤스타타워)"
384,정부세종청사 중앙동 부속한의원,한의원,044-204-1417,30112,"세종특별자치시 도움6로 42, 정부세종청사 중앙동 2층 의무실(일부)호 (어진동)"
385,에이스한의원,한의원,044-867-1076,30100,"세종특별자치시 보듬3로 100, 405-2호 (아름동, 해피라움1)"
386,범지기한의원,한의원,044-998-0700,30100,"세종특별자치시 보듬3로 101, 2층 201,202호 (아름동)"
387,경희고운한의원,한의원,044-864-9575,30062,"세종특별자치시 마음로 264, 301층 (고운동, 고운프라자)"
388,드림여성한의원,한의원,044-865-7765,30100,"세종특별자치시 보듬3로 143, 402호 (아름동, 대영프라자)"
389,세종함소아한의원,한의원,044-868-8333,30100,"세종특별자치시 보듬3로 143, 405,406호 (아름동, 대영프라자)"
390,어진서부한의원,한의원,044-960-5333,30116,"세종특별자치시 한누리대로 411, KT&G세종타워A 2층 3호 (어진동)"
391,세종청사 제2부속한의원,한의원,044-203-1404,30118,"세종특별자치시 한누리대로 402, 13동 434호 (어진동, 정부세종청사)"
392,율제한의원,한의원,044-417-1585,30064,"세종특별자치시 도움3로 105-7, 302호 (종촌동, 메디케어빌딩)"
393,바른한의원,한의원,044-868-0380,30064,"세종특별자치시 달빛로 59, 호만빌딩 203호,301호,302호 (종촌동)"
394,박승룡한의원,한의원,044-867-2075,30064,"세종특별자치시 달빛로 47, 202호 (종촌동, 종촌파크프라자)"
395,산돌한의원,한의원,044-865-7585,30064,"세종특별자치시 도움1로 106, 메가시티 502,508,509,514호 (종촌동)"
396,박소영한의원,한의원,044-865-7075,30064,"세종특별자치시 도움1로 108, 413호 (종촌동, 몰리브)"
397,숨편한한의원,한의원,044-866-0175,30064,"세종특별자치시 도움1로 108, 402-2.420호 (종촌동, 몰리브)"
398,본한의원,한의원,044-862-7755,30150,"세종특별자치시 한누리대로 2135, 스타힐타워1 201,202호 (보람동)"
399,생생당한의원,한의원,044-868-3284,30151,"세종특별자치시 한누리대로 2144, 스마트허브Ⅱ 301호 (보람동)"
400,장효길한의원,한의원,044-867-8758,30150,"세종특별자치시 한누리대로 2143, 407호 (보람동, 금강시티타워)"
401,청심당한의원,한의원,044-866-1875,30150,"세종특별자치시 남세종로 454, 403호 (보람동, 강남제일타워)"
402,동인한의원,한의원,044-715-7512,30150,"세종특별자치시 호려울로 19, 스마트허브Ⅲ 304호 (보람동)"
403,봄뜰부부한의원,한의원,044-862-6193,30150,"세종특별자치시 남세종로 466, 303호 (보람동, 아평빌딩)"
404,오케이한방병원,한방병원,044-1668-0090,30123,"세종특별자치시 한누리대로 331, 2층,3층 (301~315)호 (나성동, SR파크센텀)"
405,행복경희한의원,한의원,044-867-7599,30063,"세종특별자치시 고운서길 10, 303호 (고운동, 대현빌딩)"
406,고운마음한의원,한의원,044-863-7517,30063,"세종특별자치시 고운서길 19, 304호 (고운동, 스마트큐브1)"
407,세종온정성한의원,한의원,044-866-1207,30128,"세종특별자치시 나성북1로 12, 메가타워2 301호 (나성동)"
408,계림한의원,한의원,044-868-2355,30123,"세종특별자치시 다정중앙로 58, 다정메디프라자 403호 (다정동)"
409,성진한의원,한의원,044-903-0525,30124,"세종특별자치시 다정중앙로 57, 다정센타프라자 203호 (다정동)"
410,퍼스트한의원,한의원,044-417-7875,30128,"세종특별자치시 나성북로 30, 퍼스트원 628,629,630,631호 (나성동)"
411,가온한의원,한의원,044-866-1998,30124,"세종특별자치시 다정중앙로 51, 더다정빌딩 504호 (다정동)"
412,경희으뜸한의원,한의원,044-868-1375,30124,"세종특별자치시 다정중앙로 51, 더다정빌딩 2층 203호 (다정동)"
413,세종양지한의원,한의원,044-868-5003,30124,"세종특별자치시 다정중앙로 39, 다정센터프라자2 401,402호 (다정동)"
414,동행의원한의원,한의원,044-868-9935,30127,"세종특별자치시 한누리대로 265, 명동프라자 601,602,603일부호 (나성동)"
415,종화한의원,한의원,044-867-6262,30127,"세종특별자치시 한누리대로 249, 307호 (나성동, 에스제이타워)"
416,약손한의원,한의원,044-867-1999,30152,"세종특별자치시 한누리대로 2236, 해들마을 6단지 상가동 2층 C214,C215호 (대평동)"
417,자연치유한의원,한의원,044-864-0080,30089,"세종특별자치시 금남면 청룡안길 114-112, 1.2동 2.3층"
418,세종상신한의원,한의원,044-867-8275,30130,"세종특별자치시 한누리대로 193, 303호 (나성동, 참미르메디칼)"
419,세종튼튼한의원,한의원,044-868-0020,30153,"세종특별자치시 한누리대로 2257, 판타지타워 205호 (대평동)"
420,밝은한방병원,한방병원,044-867-9300,30152,"세종특별자치시 한누리대로 2264, 씨티오브드림 4~5층,6(일부)층 (대평동)"
421,세종경희한방병원,한방병원,044-414-9599,30152,"세종특별자치시 대평4길 17, 센트럴테라스 4, 5층 (대평동)"
422,이제한의원,한의원,044-715-7505,30126,"세종특별자치시 새롬중앙로 67, 오렌지빌딩 302, 303호 (새롬동)"
423,해들한의원,한의원,044-868-7910,30153,"세종특별자치시  한누리대로 2265, 303호 (대평동)"
424,목은한의원,한의원,044-868-4775,30130,"세종특별자치시 한누리대로 169, 세종행복타워 302호 (나성동)"
425,자인한의원,한의원,044-272-8875,30126,"세종특별자치시 새롬중앙로 63, 세종온누리타워 202호,203호 (새롬동)"
426,세종경희한의원,한의원,044-864-1075,30130,"세종특별자치시 한누리대로 165, 세종메디피아 310호 (나성동)"
427,다정한의원,한의원,044-868-1090,30126,"세종특별자치시 새롬중앙로 59, 302호 (새롬동, 새롬빌딩)"
428,세종대일당한의원,한의원,044-866-0002,30130,"세종특별자치시 한누리대로 157, (나성동, 금강프라자 503호)"
429,사상참경희한의원,한의원,044-999-1075,30127,"세종특별자치시 새롬중앙로 34, 408호 (새롬동, 크리스마스빌딩)"
430,초목한의원,한의원,044-868-7520,30126,"세종특별자치시 새롬중앙로 55, 201호 (새롬동, 행운빌딩)"
431,김종열한의원,한의원,070-7576-7077,30153,"세종특별자치시 한누리대로 2275, 알파메디컬센터 3층 312,313호 (대평동)"
432,새롬한의원,한의원,044-863-8375,30126,"세종특별자치시 새롬중앙로 51, 303호 (새롬동, 에스월드빌딩)"
433,평화당한의원,한의원,044-864-7600,30126,"세종특별자치시 새롬중앙로 47, 304호 (새롬동, 세움빌딩)"
434,바로선한의원,한의원,044-865-8572,30126,"세종특별자치시 새롬중앙로 33, 새뜸프라자 201호,302호 (새롬동)"
435,세종하이한방병원,한방병원,,30153,"세종특별자치시 갈매로 58, 황산프라자 3층 6층 (대평동)"
436,세종한의원,한의원,044-866-2011,30083,"세종특별자치시 금남면 용포로 64, 1.2층"
437,둥구나무한의원,한의원,044-866-7555,0,"세종특별자치시 금남면 용포로 58, ((2층))"
438,한솔한의원,한의원,044-863-4455,30130,"세종특별자치시 누리로 54, 202호,203호,204-1호 (한솔동, 첫마을5단지)"
439,행복한의원,한의원,044-856-0075,30053,"세종특별자치시 장군면 장척로 405-2, ()"
440,전동면보건지소,보건지소,044-301-2282,30011,"세종특별자치시 전동면 운주산로 386, ()"
441,소정면보건지소,보건지소,044-301-2292,30001,"세종특별자치시 소정면 소정구길 201, 소정면보건지소"
442,전의면보건지소,보건지소,044-301-2273,30004,"세종특별자치시 전의면 만세길 20-12, ()"
443,송곡보건진료소,보건진료소,044-867-1665,30014,"세종특별자치시 전동면 금이로 184, ()"
444,세종특별자치시보건소,보건소,044-301-2000,30029,"세종특별자치시 조치원읍 대첩로 32, 세종특별자치시보건소"
445,응암보건진료소,보건진료소,041-864-9202,30067,"세종특별자치시 연동면 송암로 246, (응암보건진료소)"
446,연서면보건지소,보건지소,044-301-2262,30043,"세종특별자치시 연서면 대첩로 238, ()"
447,연동면보건지소,보건지소,044-301-2223,30068,"세종특별자치시 연동면 장욱진로 7, 연동면 복합커뮤니티센터"
448,부강면보건지소,보건지소,044-301-2232,30075,"세종특별자치시 부강면 부강5길 38, (부강면사무소)"
449,양곡보건진료소,보건진료소,044-867-3471,30007,"세종특별자치시 전의면 양지편길 17, (양곡보건진료소)"
450,쌍류보건진료소,보건진료소,044-863-0176,30041,"세종특별자치시 연서면 도신고복로 427, ()"
451,연기면보건지소,보건지소,044-301-2212,30059,"세종특별자치시 연기면 당산로 81, ()"
452,와촌보건진료소,보건진료소,041-863-4700,30046,"세종특별자치시 연서면 용연로 635, (연서면)"
453,황용보건진료소,보건진료소,044-867-8865,30082,"세종특별자치시  금남면 금남구즉로 487, (금남면)"
454,송학보건진료소,보건진료소,044-852-0564,30050,"세종특별자치시 장군면 황미창말길 5-4, (송학보건진료소)"
455,남부통합보건지소,보건지소,044-301-2400,30127,"세종특별자치시 새롬로 14, 3층 (새롬동)"
456,금남면보건지소,보건지소,044-301-2243,30083,"세종특별자치시 금남면 용포로 59, ()"
457,장군면보건지소,보건지소,044-301-2252,30053,"세종특별자치시 장군면 장척로 398-3, ()"
458,현대약국,약국,044-863-2069,30004,"세종특별자치시 전의면 읍내길 11, 11"
459,소정약국,약국,044-865-9962,30001,"세종특별자치시 소정면 소정구길 164, 101호"
460,다정약국,약국,044-553-3005,30001,"세종특별자치시 소정면 소정구길 163, ()"
461,삼성약국,약국,044-863-2043,30004,"세종특별자치시 전의면 운주산로 1195, 1195"
462,백일약국,약국,044-905-0845,30016,"세종특별자치시 조치원읍 섭골길 38, ()"
463,해오름 온누리 약국,약국,044-868-2375,30026,"세종특별자치시 조치원읍 조치원10길 9, 2동 1호"
464,허약국,약국,044-865-7900,30026,"세종특별자치시 조치원읍 조치원로 42-2, 42"
465,세인약국,약국,044-866-2229,30024,"세종특별자치시 조치원읍 새내로 132, (조치원읍)"
466,바다약국,약국,044-866-2070,30024,"세종특별자치시 조치원읍 조치원로 31, 31"
467,우리들약국,약국,044-868-8503,30024,"세종특별자치시 조치원읍 새내로 122, 메가박스 126~127호"
468,김약국,약국,044-865-5331,30027,"세종특별자치시 조치원읍 조치원로 26, 26"
469,믿음약국,약국,044-862-8088,30023,"세종특별자치시 조치원읍 새내로 113-1, ()"
470,굿모닝약국,약국,044-866-1383,30027,"세종특별자치시 조치원읍 조치원로 22, 1층"
471,다나약국,약국,044-866-2700,30027,"세종특별자치시 조치원읍 새내로 102, 102"
472,새건강약국,약국,044-862-2169,30023,"세종특별자치시 조치원읍 조치원로 7, 7"
473,조치원약국,약국,044-865-3873,30027,"세종특별자치시 조치원읍 새내로 98, 98"
474,종로약국,약국,044-866-3800,30023,"세종특별자치시 조치원읍 조치원로 3, (조치원읍)"
475,성모약국,약국,044-862-2900,30028,"세종특별자치시 조치원읍 조치원2길 5, ()"
476,십자약국,약국,044-868-7705,30027,"세종특별자치시 조치원읍 새내로 96, 96"
477,조치원햇살약국,약국,044-867-8787,30028,"세종특별자치시 조치원읍 새내로 97, ()"
478,감초당 온누리 약국,약국,044-865-3629,30028,"세종특별자치시 조치원읍 새내9길 3, ()"
479,역전약국,약국,044-865-2169,30028,"세종특별자치시 조치원읍 으뜸길 208, 208"
480,좋은약국,약국,044-866-3628,30027,"세종특별자치시 조치원읍 새내로 88, 88"
481,신세종약국,약국,044-863-1783,30027,"세종특별자치시 조치원읍 새내로 88-1, ()"
482,성지약국,약국,044-868-0167,30027,"세종특별자치시 조치원읍 새내8길 7, 102호"
483,참편한약국,약국,044-863-1477,30021,"세종특별자치시 조치원읍 행복8길 2, 102호"
484,열린약국,약국,044-862-2826,30028,"세종특별자치시 조치원읍 새내로 77-1, 77"
485,샬롬약국,약국,044-864-3478,30027,"세종특별자치시  조치원읍 새내로 72, (조치원읍)"
486,대수약국,약국,044-865-6562,30028,"세종특별자치시 조치원읍 새내5길 2, 2"
487,하나약국,약국,044-866-8569,30027,"세종특별자치시 조치원읍 새내로 68, ()"
488,참좋은약국,약국,044-868-8687,30034,"세종특별자치시 조치원읍 대첩로 17, ()"
489,세종맑은약국,약국,044-865-9905,30032,"세종특별자치시 조치원읍 도원1로 16, 상가동 210호 (푸르지오1차)"
490,행복플러스약국,약국,070-4107-1055,30036,"세종특별자치시 조치원읍 허만석로 60, (조치원홈플러스 )"
491,하나로약국,약국,044-863-2231,30031,"세종특별자치시 조치원읍 도원2로 39, 39"
492,민약국,약국,044-275-4114,30075,"세종특별자치시 부강면 부강2길 12, ()"
493,은사약국,약국,044-275-9122,30075,"세종특별자치시 부강면 시장길 26, ()"
494,아름약국,약국,044-275-0527,30075,"세종특별자치시 부강면 부촌길 28, 28"
495,부광약국,약국,044-905-3010,30075,"세종특별자치시 부강면 부강4길 5-1, ()"
496,나라약국,약국,044-275-0262,30076,"세종특별자치시 부강면 부강로 35-1, ()"
497,건강약국,약국,044-867-0862,30047,"세종특별자치시 연서면 당산로 353, 353"
498,허브약국,약국,044-867-9685,30092,"세종특별자치시 해밀3로 51, 스카이허브 101,102호 (해밀동)"
499,메디컬드림약국,약국,044-715-7680,30092,"세종특별자치시 해밀3로 43, 스카이드림 101,102호 (해밀동)"
500,새나루약국,약국,,30141,"세종특별자치시 남세종로 73, 111호 (집현동)"
501,스타약국,약국,044-866-6470,30146,"세종특별자치시 한누리대로 1820, 왕관빌딩 107호 (반곡동)"
502,반곡중앙약국,약국,044-865-7783,30146,"세종특별자치시 한누리대로 1824, 1층 111호 (반곡동)"
503,반곡수약국,약국,044-866-0511,30146,"세종특별자치시 한누리대로 1828, 시드니블루 103호 (반곡동)"
504,세종바름약국,약국,044-867-3258,30146,"세종특별자치시 한누리대로 1844, 116호 (반곡동)"
505,가감 충대정문약국,약국,044-868-2266,30098,"세종특별자치시 다솜1로 220, 509동 103~104호 (도담동, 도램마을 5단지)"
506,가까운세종충대약국,약국,044-863-8201,30098,"세종특별자치시 다솜1로 220, 101,102,201호 (도담동, 도램마을 5단지)"
507,충대우회전약국,약국,044-865-6543,30099,"세종특별자치시 바른1길 3, (아름동)"
508,충대대형약국,약국,044-867-0937,30099,"세종특별자치시  달빛1로 309, 1층 (아름동)"
509,더건강한약국,약국,044-415-1870,30147,"세종특별자치시 한누리대로 1934, 메인타워 105~106호 (반곡동)"
510,대학로약국,약국,044-862-4543,30100,"세종특별자치시 한누리대로 589, 해피라움7 105호 (도담동)"
511,세종충대약국,약국,044-864-1533,30100,"세종특별자치시  도담서4길 3, 1층 (도담동)"
512,세종행복약국,약국,044-863-9985,30100,"세종특별자치시 한누리대로 583, 1층 117호 (도담동)"
513,도담약국,약국,044-865-7770,30098,"세종특별자치시 보듬4로 9, 305호 (도담동, 도램마을11단지)"
514,참빛약국,약국,044-866-5590,30100,"세종특별자치시 보듬3로 8-20, 세종한신휴시티 120,121호 (도담동)"
515,충대십자약국,약국,044-555-0263,30100,"세종특별자치시 다솜1로 200, 408동 103호,104호 (도담동, 도램마을 4단지)"
516,라온약국,약국,044-863-7714,30100,"세종특별자치시 보듬3로 8-12, 101-1호 (도담동, 라온프라이빗시티1상가)"
517,예쁜약국,약국,044-903-1472,30147,"세종특별자치시 한누리대로 1958, 법조타운A 1층 112호 (소담동)"
518,도램약국,약국,044-868-1939,30100,"세종특별자치시 보듬3로 6, 211호 (도담동, 라온프라이빗시티2상가)"
519,우리약국,약국,044-868-5851,30100,"세종특별자치시 보듬3로 6, 204-1호 (도담동, 라온프라이빗시티2)"
520,비타민약국,약국,044-865-8838,30103,"세종특별자치시 절재로 194, 104호 (어진동, 세종드림)"
521,드림약국,약국,044-866-2242,30103,"세종특별자치시 한누리대로 496, 101, 102호 (어진동, 세종리슈빌S)"
522,메디팜이화약국,약국,044-866-6115,30102,"세종특별자치시 한누리대로 499, 세종포스트빌딩 106호 (어진동)"
523,청암약국,약국,044-863-8278,30103,"세종특별자치시 한누리대로 492, 청암빌딩 (어진동)"
524,늘봄약국,약국,044-863-1629,30151,"세종특별자치시 한누리대로 2012, 코끼리타워 1층 116호 (소담동)"
525,새샘약국,약국,044-868-2368,30150,"세종특별자치시 소담1로 16, 110호 (소담동, 지엘플렉스2)"
526,어진약국,약국,044-863-9322,30102,"세종특별자치시 절재로 154, 홈플러스 세종점 1층 X7,Y4호 (어진동)"
527,정담 한약국,약국,044-866-1669,30062,"세종특별자치시 마음안1로 137, 가락마을18단지 근린생활시설 (고운동)"
528,미소약국,약국,044-862-9575,30151,"세종특별자치시 한누리대로 2016, 1층 105호 (소담동, 타임빌딩)"
529,소담약국,약국,044-865-7554,30151,"세종특별자치시 한누리대로 2018, 사이언스타운 111호 (소담동)"
530,무지개약국,약국,044-866-4360,30100,"세종특별자치시 보듬3로 92, 307호 (아름동, 해피라움2)"
531,새빛약국,약국,044-868-5402,30100,"세종특별자치시 보듬3로 92, 402호 (아름동, 해피라움2상가)"
532,푸른약국,약국,044-867-8673,30100,"세종특별자치시 보듬3로 92, 4층 409-2호 (아름동, 해피라움2)"
533,두루약국,약국,044-864-2688,30062,"세종특별자치시  마음로 272, 105호 (고운동)"
534,본약국,약국,070-7576-2339,30151,"세종특별자치시 한누리대로 2022, 아이콤스타타워 103호 (소담동)"
535,균명한약국,약국,044-868-6683,30100,"세종특별자치시 보듬3로 100, 해피라움1 103호 (아름동)"
536,해피라움약국,약국,044-868-3770,30100,"세종특별자치시 보듬3로 100, 1동 117호 (아름동, 해피라움1)"
537,아름미듬약국,약국,070-8880-6829,30100,"세종특별자치시 보듬3로 91, 309호 (아름동, 해피라움4동)"
538,고운길온누리약국,약국,070-7716-7577,30062,"세종특별자치시 마음로 272-4, (고운동, 고운메디프라자)"
539,맑음약국,약국,044-272-8898,30100,"세종특별자치시 보듬3로 95, 해피라움3 102호 (아름동)"
540,아름솔약국,약국,044-867-8756,30100,"세종특별자치시 보듬3로 95, 해피라움3 3층 304-1호 (아름동)"
541,아름수약국,약국,044-868-3380,30100,"세종특별자치시 보듬3로 95, 408호 (아름동, 해피라움3)"
542,세종스마일약국,약국,,30100,"세종특별자치시 보듬3로 101, 108,109호 (아름동)"
543,고운우리약국,약국,044-417-6141,30062,"세종특별자치시 마음로 264, 고운프라자 107호 (고운동)"
544,아이맘약국,약국,044-863-9242,30100,"세종특별자치시 보듬3로 150, 아름 행복타워 101호 (아름동)"
545,아람약국,약국,044-862-5265,30100,"세종특별자치시 보듬3로 143, 대영프라자 102호 (아름동)"
546,탄탄온누리약국,약국,044-868-1368,30100,"세종특별자치시 보듬3로 158, 아름메디컬센터 1층 109호 (아름동)"
547,해오름약국,약국,044-999-4761,30100,"세종특별자치시 아름서1길 13-12, 세종 제이디빌딩 105호 (아름동)"
548,차와약국,약국,044-863-3813,30064,"세종특별자치시 달빛로 80, 3동 1층 304호 (종촌동, 가재마을 12단지)"
549,가재약국,약국,044-867-3002,30064,"세종특별자치시 도움3로 105-5, 105호 (종촌동, 종촌중앙프라자)"
550,나눔약국,약국,044-867-2367,30064,"세종특별자치시 도움3로 105-7, 메디케어빌딩 109호 (종촌동)"
551,메디팜우리들약국,약국,044-865-7776,30064,"세종특별자치시 달빛로 59, 1층 (종촌동, 호만빌딩)"
552,세종달빛약국,약국,044-866-1675,30064,"세종특별자치시 달빛로 47, 1층 104호 (종촌동)"
553,둥지약국,약국,044-862-1246,30064,"세종특별자치시 달빛로 45, 103호 (종촌동, 리버사이드빌딩)"
554,사랑채한약국,약국,044-864-9275,30116,"세종특별자치시 가름로 143, KT&G세종타워B 2층 11호 (어진동)"
555,데일리약국,약국,044-862-5648,30064,"세종특별자치시 도움1로 106, 5층 516호 (종촌동, 메가시티)"
556,메가약국,약국,044-864-5648,30064,"세종특별자치시 도움1로 106, 4층 415호 (종촌동, 메가시티)"
557,종촌탑약국,약국,044-903-0067,30064,"세종특별자치시 도움1로 106, 메가시티 6층 615-2호 (종촌동)"
558,도토약국,약국,044-868-4709,30064,"세종특별자치시 도움1로 108, 419호 (종촌동, 몰리브)"
559,지음약국,약국,044-863-7557,30062,"세종특별자치시 마음로 181, 1019동 B112호 (고운동, 가락마을10단지)"
560,경희당약국,약국,044-863-3214,30064,"세종특별자치시 도움3로 159, 상가동 103호 (종촌동, 가재마을3단지)"
561,병아리약국,약국,044-863-8273,30150,"세종특별자치시 한누리대로 2129, 스타힐타워2 105호 (보람동)"
562,뱅크약국,약국,070-7758-3124,30121,"세종특별자치시 한누리대로 350, 뱅크빌딩 1층 110호 (어진동)"
563,서울약국,약국,044-863-8871,30150,"세종특별자치시 남세종로 450, 보람빌딩 104호 (보람동)"
564,세종시티약국,약국,044-905-1151,30150,"세종특별자치시 한누리대로 2143, 금강시티타워 1층 105호 (보람동)"
565,보람약국,약국,070-7799-6423,30150,"세종특별자치시 남세종로 454, 강남제일타워 102호 (보람동)"
566,쓰담약국,약국,044-864-9069,30150,"세종특별자치시 한누리대로 2149, 엔젤타워 (보람동)"
567,메디팜큰사랑약국,약국,044-864-7748,30150,"세종특별자치시 남세종로 458, 110호 (보람동, 아리랑빌딩)"
568,더오케이약국,약국,044-863-0600,30123,"세종특별자치시 한누리대로 331, 1층 129호 (나성동, SR파크센텀)"
569,넘버원약국,약국,044-865-0330,30128,"세종특별자치시 국세청로 45, A동 120호 (나성동, 나릿재마을 3단지)"
570,늘푸른약국,약국,044-866-7289,30063,"세종특별자치시 고운서길 19, 세종 스마트큐브Ⅰ (고운동)"
571,153약국,약국,044-864-1531,30063,"세종특별자치시 마음로 78, 세종 스마트큐브Ⅱ 2층 205호 (고운동)"
572,코끼리약국,약국,044-862-7819,30063,"세종특별자치시 마음로 74, 104호 (고운동, 그랜드프라자)"
573,참고운약국,약국,044-998-2463,30063,"세종특별자치시 마음로 70, 1층 104호 (고운동, 에셀프라자)"
574,명지약국,약국,044-862-7567,30123,"세종특별자치시 다정중앙로 58, 다정메디프라자 108호 (다정동)"
575,가온약국,약국,044-862-8229,30124,"세종특별자치시 다정중앙로 57, 다정센타프라자 (다정동)"
576,인생약국,약국,044-864-3713,30128,"세종특별자치시 나성북로 30, 퍼스트원 542호 (나성동)"
577,세종코코약국,약국,044-862-9155,30123,"세종특별자치시 다정중앙로 52, 페스티발2 1층 107호 (다정동)"
578,세종현약국,약국,044-866-5991,30128,"세종특별자치시 나성북로 15, MVG 114호 (나성동)"
579,세종 권약국,약국,044-868-5850,30123,"세종특별자치시 가온로 8, 104호 (다정동)"
580,한사랑약국,약국,044-865-7003,30124,"세종특별자치시 다정중앙로 51, 더다정빌딩 103-104호 (다정동)"
581,기린약국,약국,044-868-7756,30128,"세종특별자치시 나성로 96, 더센트럴 426호 (나성동)"
582,더센트럴5층약국,약국,044-866-9655,30128,"세종특별자치시 나성로 96, 더센트럴 542호 (나성동)"
583,다정365약국,약국,044-866-6423,30123,"세종특별자치시 다정중앙로 40, 리치타워 103호 (다정동)"
584,다정온누리약국,약국,044-868-3383,30124,"세종특별자치시 다정중앙로 45, 다정프라자 1층 110호 (다정동)"
585,올약국,약국,044-864-0170,30124,"세종특별자치시 다정북로 109, 상가동 1층 109호 (다정동, 가온마을3단지)"
586,세종다온약국,약국,044-866-0600,30127,"세종특별자치시 한누리대로 275, 형성프라자 112호 (나성동)"
587,더세종약국,약국,044-865-0205,30127,"세종특별자치시 한누리대로 273, (나성동)"
588,아름다운 약국,약국,044-864-7131,30127,"세종특별자치시 한누리대로 265, 명동프라자 113호 (나성동)"
589,하늘약국,약국,044-868-5482,30127,"세종특별자치시 한누리대로 253, 에스빌딩 112호 (나성동)"
590,스마일온누리약국,약국,044-867-1778,30127,"세종특별자치시 한누리대로 249, 에스제이타워 105호 (나성동)"
591,우리두리약국,약국,044-864-1422,30153,"세종특별자치시 한누리대로 2257, 판타지타워 104호 (대평동)"
592,새롬가온약국,약국,044-863-8712,30127,"세종특별자치시 새롬중앙로 62-15, 해피라움W 3층 302호 (새롬동)"
593,새롬정약국,약국,044-715-5502,30127,"세종특별자치시 새롬중앙로 62-15, 해피라움W 402호 (새롬동)"
594,영광약국,약국,044-866-8811,30127,"세종특별자치시 새롬중앙로 64, 세종영광프라자 1층 (새롬동)"
595,365열린약국,약국,044-555-3658,30126,"세종특별자치시 새롬중앙로 67, 오렌지빌딩 105호 (새롬동)"
596,한아름약국,약국,044-867-5399,30130,"세종특별자치시  한누리대로 169, 116호 (나성동)"
597,메디팜세종약국,약국,044-862-6229,30130,"세종특별자치시 한누리대로 165, 104호 (나성동, 세종메디피아)"
598,NK드림약국,약국,044-867-4408,30130,"세종특별자치시 한누리대로 161, 세종시 NK리움힐 상가 115,116호 (나성동)"
599,새롬솔약국,약국,044-862-0193,30126,"세종특별자치시 새롬중앙로 59, 새롬빌딩 105호 (새롬동)"
600,사랑온누리약국,약국,044-862-7533,30130,"세종특별자치시 한누리대로 157, 106호 (나성동, 금강프라자)"
601,효약국,약국,044-863-0728,30127,"세종특별자치시 새롬중앙로 34, 크리스마스빌딩 103호 (새롬동)"
602,엘약국,약국,044-864-7573,30126,"세종특별자치시 새롬중앙로 55, 103호 (새롬동, 행운빌딩)"
603,세종태평양약국,약국,044-865-0309,30153,"세종특별자치시 한누리대로 2275, 알파메디컬센터 1층 106호,107호 (대평동)"
604,서약국,약국,044-866-0920,30083,"세종특별자치시 금남면 용포로 116, ()"
605,건강한약국,약국,044-867-4678,30130,"세종특별자치시 노을3로 29, 102호 (한솔동, 세종프라자)"
606,새롬튼튼약국,약국,044-863-5875,30126,"세종특별자치시 새롬중앙로 47, 404호 (새롬동, 세움빌딩)"
607,한누리약국,약국,044-868-4536,30153,"세종특별자치시 한누리대로 2281, SM메디컬센터 121,122호 (대평동)"
608,새뜸365약국,약국,044-867-0365,30126,"세종특별자치시 새롬중앙로 41, 무지개타워 110호 (새롬동)"
609,대평약국,약국,044-866-2026,30083,"세종특별자치시 금남면 용포로 113, ()"
610,한솔약국,약국,044-868-3699,30130,"세종특별자치시 누리로 106, 송원프라자 107호 (한솔동)"
611,강약국,약국,044-866-7018,30083,"세종특별자치시 금남면 용포로 53, ()"
612,장기약국,약국,044-857-1700,30053,"세종특별자치시 장군면 장척로 405-2, (장군면)"
613,햇살약국,약국,044-881-9543,30053,"세종특별자치시 장군면 장척로 401, ()"
614,세종이마트믿음약국,약국,044-866-4056,30065,"세종특별자치시 금송로 687, 3층 (가람동, 이마트 세종점)"
615,메디팜365약국,약국,044-866-6992,30152,"세종특별자치시 한누리대로 2264, 105-106호 (대평동, 씨티오브드림)"
616,세종사랑약국,약국,,30127,"세종특별자치시 한누리대로 245, 에스알파크원 119호 (나성동)"
